{
  "project_info": {
    "project_number": "835297556275",
    "firebase_url": "https://tour-nest-13116-default-rtdb.asia-southeast1.firebasedatabase.app",
    "project_id": "tour-nest-13116",
    "storage_bucket": "tour-nest-13116.firebasestorage.app"
  },
  "client": [
    {
      "client_info": {
        "mobilesdk_app_id": "1:835297556275:android:fdf23aa9694250ba0e7046",
        "android_client_info": {
          "package_name": "com.example.tour_nest"
        }
      },
      "oauth_client": [
        {
          "client_id": "835297556275-cl8vdvr9rlfn0n66lq2d8kpmsadtgjas.apps.googleusercontent.com",
          "client_type": 1,
          "android_info": {
            "package_name": "com.example.tour_nest",
            "certificate_hash": "af5131ffa408f4ab24d43d2d857e7491a9de3567"
          }
        },
        {
          "client_id": "835297556275-9tlp7v506bmqio30qsg2o7tvop3ope21.apps.googleusercontent.com",
          "client_type": 3
        }
      ],
      "api_key": [
        {
          "current_key": "AIzaSyC7j2k6iAzIDxCi-CrivMaqrvygfek0Joc"
        }
      ],
      "services": {
        "appinvite_service": {
          "other_platform_oauth_client": [
            {
              "client_id": "835297556275-9tlp7v506bmqio30qsg2o7tvop3ope21.apps.googleusercontent.com",
              "client_type": 3
            }
          ]
        }
      }
    }
  ],
  "configuration_version": "1"
}